[{"model": "account.profile", "pk": 6, "fields": {"user": 7, "photo": ""}}, {"model": "account.profile", "pk": 7, "fields": {"user": 8, "photo": ""}}, {"model": "admin.logentry", "pk": 1, "fields": {"action_time": "2020-10-15T16:47:45.352Z", "user": 1, "content_type": 9, "object_id": "1", "object_repr": "Hunt Interiors", "action_flag": 1, "change_message": "[{\"added\": {}}]"}}, {"model": "admin.logentry", "pk": 2, "fields": {"action_time": "2020-10-15T17:13:52.180Z", "user": 1, "content_type": 18, "object_id": "1", "object_repr": "chair", "action_flag": 1, "change_message": "[{\"added\": {}}]"}}, {"model": "admin.logentry", "pk": 3, "fields": {"action_time": "2020-10-15T17:13:56.547Z", "user": 1, "content_type": 18, "object_id": "2", "object_repr": "table", "action_flag": 1, "change_message": "[{\"added\": {}}]"}}, {"model": "admin.logentry", "pk": 4, "fields": {"action_time": "2020-10-15T17:14:02.962Z", "user": 1, "content_type": 18, "object_id": "3", "object_repr": "sofa", "action_flag": 1, "change_message": "[{\"added\": {}}]"}}, {"model": "admin.logentry", "pk": 5, "fields": {"action_time": "2020-10-15T17:14:28.335Z", "user": 1, "content_type": 18, "object_id": "4", "object_repr": "bed", "action_flag": 1, "change_message": "[{\"added\": {}}]"}}, {"model": "admin.logentry", "pk": 6, "fields": {"action_time": "2020-10-15T17:15:18.830Z", "user": 1, "content_type": 19, "object_id": "1", "object_repr": "Table", "action_flag": 1, "change_message": "[{\"added\": {}}]"}}, {"model": "admin.logentry", "pk": 7, "fields": {"action_time": "2020-10-24T12:07:58.611Z", "user": 1, "content_type": 5, "object_id": "1", "object_repr": "admin", "action_flag": 2, "change_message": "[{\"changed\": {\"fields\": [\"First name\", \"Last name\"]}}]"}}, {"model": "admin.logentry", "pk": 8, "fields": {"action_time": "2020-10-24T14:14:16.667Z", "user": 1, "content_type": 5, "object_id": "2", "object_repr": "liene", "action_flag": 3, "change_message": ""}}, {"model": "admin.logentry", "pk": 9, "fields": {"action_time": "2020-10-24T14:14:16.710Z", "user": 1, "content_type": 5, "object_id": "3", "object_repr": "liene1", "action_flag": 3, "change_message": ""}}, {"model": "admin.logentry", "pk": 10, "fields": {"action_time": "2020-10-24T14:14:16.743Z", "user": 1, "content_type": 5, "object_id": "4", "object_repr": "liene2", "action_flag": 3, "change_message": ""}}, {"model": "admin.logentry", "pk": 11, "fields": {"action_time": "2020-10-24T14:14:16.808Z", "user": 1, "content_type": 5, "object_id": "5", "object_repr": "liene3", "action_flag": 3, "change_message": ""}}, {"model": "admin.logentry", "pk": 12, "fields": {"action_time": "2020-10-26T17:43:36.511Z", "user": 1, "content_type": 19, "object_id": "2", "object_repr": "Baron Style Chair", "action_flag": 1, "change_message": "[{\"added\": {}}]"}}, {"model": "admin.logentry", "pk": 13, "fields": {"action_time": "2020-10-26T18:49:31.235Z", "user": 1, "content_type": 5, "object_id": "6", "object_repr": "liene", "action_flag": 3, "change_message": ""}}, {"model": "admin.logentry", "pk": 14, "fields": {"action_time": "2020-10-27T15:11:59.262Z", "user": 1, "content_type": 5, "object_id": "7", "object_repr": "liene", "action_flag": 2, "change_message": "[{\"changed\": {\"fields\": [\"Staff status\", \"Superuser status\"]}}]"}}, {"model": "auth.permission", "pk": 1, "fields": {"name": "Can add profile", "content_type": 1, "codename": "add_profile"}}, {"model": "auth.permission", "pk": 2, "fields": {"name": "Can change profile", "content_type": 1, "codename": "change_profile"}}, {"model": "auth.permission", "pk": 3, "fields": {"name": "Can delete profile", "content_type": 1, "codename": "delete_profile"}}, {"model": "auth.permission", "pk": 4, "fields": {"name": "Can view profile", "content_type": 1, "codename": "view_profile"}}, {"model": "auth.permission", "pk": 5, "fields": {"name": "Can add log entry", "content_type": 2, "codename": "add_logentry"}}, {"model": "auth.permission", "pk": 6, "fields": {"name": "Can change log entry", "content_type": 2, "codename": "change_logentry"}}, {"model": "auth.permission", "pk": 7, "fields": {"name": "Can delete log entry", "content_type": 2, "codename": "delete_logentry"}}, {"model": "auth.permission", "pk": 8, "fields": {"name": "Can view log entry", "content_type": 2, "codename": "view_logentry"}}, {"model": "auth.permission", "pk": 9, "fields": {"name": "Can add permission", "content_type": 3, "codename": "add_permission"}}, {"model": "auth.permission", "pk": 10, "fields": {"name": "Can change permission", "content_type": 3, "codename": "change_permission"}}, {"model": "auth.permission", "pk": 11, "fields": {"name": "Can delete permission", "content_type": 3, "codename": "delete_permission"}}, {"model": "auth.permission", "pk": 12, "fields": {"name": "Can view permission", "content_type": 3, "codename": "view_permission"}}, {"model": "auth.permission", "pk": 13, "fields": {"name": "Can add group", "content_type": 4, "codename": "add_group"}}, {"model": "auth.permission", "pk": 14, "fields": {"name": "Can change group", "content_type": 4, "codename": "change_group"}}, {"model": "auth.permission", "pk": 15, "fields": {"name": "Can delete group", "content_type": 4, "codename": "delete_group"}}, {"model": "auth.permission", "pk": 16, "fields": {"name": "Can view group", "content_type": 4, "codename": "view_group"}}, {"model": "auth.permission", "pk": 17, "fields": {"name": "Can add user", "content_type": 5, "codename": "add_user"}}, {"model": "auth.permission", "pk": 18, "fields": {"name": "Can change user", "content_type": 5, "codename": "change_user"}}, {"model": "auth.permission", "pk": 19, "fields": {"name": "Can delete user", "content_type": 5, "codename": "delete_user"}}, {"model": "auth.permission", "pk": 20, "fields": {"name": "Can view user", "content_type": 5, "codename": "view_user"}}, {"model": "auth.permission", "pk": 21, "fields": {"name": "Can add content type", "content_type": 6, "codename": "add_contenttype"}}, {"model": "auth.permission", "pk": 22, "fields": {"name": "Can change content type", "content_type": 6, "codename": "change_contenttype"}}, {"model": "auth.permission", "pk": 23, "fields": {"name": "Can delete content type", "content_type": 6, "codename": "delete_contenttype"}}, {"model": "auth.permission", "pk": 24, "fields": {"name": "Can view content type", "content_type": 6, "codename": "view_contenttype"}}, {"model": "auth.permission", "pk": 25, "fields": {"name": "Can add session", "content_type": 7, "codename": "add_session"}}, {"model": "auth.permission", "pk": 26, "fields": {"name": "Can change session", "content_type": 7, "codename": "change_session"}}, {"model": "auth.permission", "pk": 27, "fields": {"name": "Can delete session", "content_type": 7, "codename": "delete_session"}}, {"model": "auth.permission", "pk": 28, "fields": {"name": "Can view session", "content_type": 7, "codename": "view_session"}}, {"model": "auth.permission", "pk": 29, "fields": {"name": "Can add contact", "content_type": 8, "codename": "add_contact"}}, {"model": "auth.permission", "pk": 30, "fields": {"name": "Can change contact", "content_type": 8, "codename": "change_contact"}}, {"model": "auth.permission", "pk": 31, "fields": {"name": "Can delete contact", "content_type": 8, "codename": "delete_contact"}}, {"model": "auth.permission", "pk": 32, "fields": {"name": "Can view contact", "content_type": 8, "codename": "view_contact"}}, {"model": "auth.permission", "pk": 33, "fields": {"name": "Can add main content", "content_type": 9, "codename": "add_maincontent"}}, {"model": "auth.permission", "pk": 34, "fields": {"name": "Can change main content", "content_type": 9, "codename": "change_maincontent"}}, {"model": "auth.permission", "pk": 35, "fields": {"name": "Can delete main content", "content_type": 9, "codename": "delete_maincontent"}}, {"model": "auth.permission", "pk": 36, "fields": {"name": "Can view main content", "content_type": 9, "codename": "view_maincontent"}}, {"model": "auth.permission", "pk": 37, "fields": {"name": "Can add slides", "content_type": 10, "codename": "add_slides"}}, {"model": "auth.permission", "pk": 38, "fields": {"name": "Can change slides", "content_type": 10, "codename": "change_slides"}}, {"model": "auth.permission", "pk": 39, "fields": {"name": "Can delete slides", "content_type": 10, "codename": "delete_slides"}}, {"model": "auth.permission", "pk": 40, "fields": {"name": "Can view slides", "content_type": 10, "codename": "view_slides"}}, {"model": "auth.permission", "pk": 41, "fields": {"name": "Can add img", "content_type": 11, "codename": "add_img"}}, {"model": "auth.permission", "pk": 42, "fields": {"name": "Can change img", "content_type": 11, "codename": "change_img"}}, {"model": "auth.permission", "pk": 43, "fields": {"name": "Can delete img", "content_type": 11, "codename": "delete_img"}}, {"model": "auth.permission", "pk": 44, "fields": {"name": "Can view img", "content_type": 11, "codename": "view_img"}}, {"model": "auth.permission", "pk": 45, "fields": {"name": "Can add association", "content_type": 12, "codename": "add_association"}}, {"model": "auth.permission", "pk": 46, "fields": {"name": "Can change association", "content_type": 12, "codename": "change_association"}}, {"model": "auth.permission", "pk": 47, "fields": {"name": "Can delete association", "content_type": 12, "codename": "delete_association"}}, {"model": "auth.permission", "pk": 48, "fields": {"name": "Can view association", "content_type": 12, "codename": "view_association"}}, {"model": "auth.permission", "pk": 49, "fields": {"name": "Can add code", "content_type": 13, "codename": "add_code"}}, {"model": "auth.permission", "pk": 50, "fields": {"name": "Can change code", "content_type": 13, "codename": "change_code"}}, {"model": "auth.permission", "pk": 51, "fields": {"name": "Can delete code", "content_type": 13, "codename": "delete_code"}}, {"model": "auth.permission", "pk": 52, "fields": {"name": "Can view code", "content_type": 13, "codename": "view_code"}}, {"model": "auth.permission", "pk": 53, "fields": {"name": "Can add nonce", "content_type": 14, "codename": "add_nonce"}}, {"model": "auth.permission", "pk": 54, "fields": {"name": "Can change nonce", "content_type": 14, "codename": "change_nonce"}}, {"model": "auth.permission", "pk": 55, "fields": {"name": "Can delete nonce", "content_type": 14, "codename": "delete_nonce"}}, {"model": "auth.permission", "pk": 56, "fields": {"name": "Can view nonce", "content_type": 14, "codename": "view_nonce"}}, {"model": "auth.permission", "pk": 57, "fields": {"name": "Can add user social auth", "content_type": 15, "codename": "add_usersocialauth"}}, {"model": "auth.permission", "pk": 58, "fields": {"name": "Can change user social auth", "content_type": 15, "codename": "change_usersocialauth"}}, {"model": "auth.permission", "pk": 59, "fields": {"name": "Can delete user social auth", "content_type": 15, "codename": "delete_usersocialauth"}}, {"model": "auth.permission", "pk": 60, "fields": {"name": "Can view user social auth", "content_type": 15, "codename": "view_usersocialauth"}}, {"model": "auth.permission", "pk": 61, "fields": {"name": "Can add partial", "content_type": 16, "codename": "add_partial"}}, {"model": "auth.permission", "pk": 62, "fields": {"name": "Can change partial", "content_type": 16, "codename": "change_partial"}}, {"model": "auth.permission", "pk": 63, "fields": {"name": "Can delete partial", "content_type": 16, "codename": "delete_partial"}}, {"model": "auth.permission", "pk": 64, "fields": {"name": "Can view partial", "content_type": 16, "codename": "view_partial"}}, {"model": "auth.permission", "pk": 65, "fields": {"name": "Can add testament", "content_type": 17, "codename": "add_testament"}}, {"model": "auth.permission", "pk": 66, "fields": {"name": "Can change testament", "content_type": 17, "codename": "change_testament"}}, {"model": "auth.permission", "pk": 67, "fields": {"name": "Can delete testament", "content_type": 17, "codename": "delete_testament"}}, {"model": "auth.permission", "pk": 68, "fields": {"name": "Can view testament", "content_type": 17, "codename": "view_testament"}}, {"model": "auth.permission", "pk": 69, "fields": {"name": "Can add category", "content_type": 18, "codename": "add_category"}}, {"model": "auth.permission", "pk": 70, "fields": {"name": "Can change category", "content_type": 18, "codename": "change_category"}}, {"model": "auth.permission", "pk": 71, "fields": {"name": "Can delete category", "content_type": 18, "codename": "delete_category"}}, {"model": "auth.permission", "pk": 72, "fields": {"name": "Can view category", "content_type": 18, "codename": "view_category"}}, {"model": "auth.permission", "pk": 73, "fields": {"name": "Can add product", "content_type": 19, "codename": "add_product"}}, {"model": "auth.permission", "pk": 74, "fields": {"name": "Can change product", "content_type": 19, "codename": "change_product"}}, {"model": "auth.permission", "pk": 75, "fields": {"name": "Can delete product", "content_type": 19, "codename": "delete_product"}}, {"model": "auth.permission", "pk": 76, "fields": {"name": "Can view product", "content_type": 19, "codename": "view_product"}}, {"model": "auth.permission", "pk": 77, "fields": {"name": "Can add services", "content_type": 20, "codename": "add_services"}}, {"model": "auth.permission", "pk": 78, "fields": {"name": "Can change services", "content_type": 20, "codename": "change_services"}}, {"model": "auth.permission", "pk": 79, "fields": {"name": "Can delete services", "content_type": 20, "codename": "delete_services"}}, {"model": "auth.permission", "pk": 80, "fields": {"name": "Can view services", "content_type": 20, "codename": "view_services"}}, {"model": "auth.permission", "pk": 81, "fields": {"name": "Can add invoice", "content_type": 21, "codename": "add_invoice"}}, {"model": "auth.permission", "pk": 82, "fields": {"name": "Can change invoice", "content_type": 21, "codename": "change_invoice"}}, {"model": "auth.permission", "pk": 83, "fields": {"name": "Can delete invoice", "content_type": 21, "codename": "delete_invoice"}}, {"model": "auth.permission", "pk": 84, "fields": {"name": "Can view invoice", "content_type": 21, "codename": "view_invoice"}}, {"model": "auth.permission", "pk": 85, "fields": {"name": "Can add purchased product", "content_type": 22, "codename": "add_purchasedproduct"}}, {"model": "auth.permission", "pk": 86, "fields": {"name": "Can change purchased product", "content_type": 22, "codename": "change_purchasedproduct"}}, {"model": "auth.permission", "pk": 87, "fields": {"name": "Can delete purchased product", "content_type": 22, "codename": "delete_purchasedproduct"}}, {"model": "auth.permission", "pk": 88, "fields": {"name": "Can view purchased product", "content_type": 22, "codename": "view_purchasedproduct"}}, {"model": "auth.user", "pk": 1, "fields": {"password": "pbkdf2_sha256$216000$eplsWzwH1a8E$FLh72Tstted4rn5zv8UegmdGUJFxjvAmkSxmp9FSPgE=", "last_login": "2020-10-27T13:20:33.149Z", "is_superuser": true, "username": "admin", "first_name": "Admin", "last_name": "Admin", "email": "admin@admin.com", "is_staff": true, "is_active": true, "date_joined": "2020-10-15T16:45:35Z", "groups": [], "user_permissions": []}}, {"model": "auth.user", "pk": 7, "fields": {"password": "pbkdf2_sha256$216000$bKYM49ljalek$51NZ24RQxGgapLHrWdDdcYOa6Vsz8vVClhFBYCw/VVA=", "last_login": "2020-11-03T15:15:22.709Z", "is_superuser": true, "username": "liene", "first_name": "Liene", "last_name": "Liepa88", "email": "liene@liene.lv", "is_staff": true, "is_active": true, "date_joined": "2020-10-26T18:50:01Z", "groups": [], "user_permissions": []}}, {"model": "auth.user", "pk": 8, "fields": {"password": "pbkdf2_sha256$216000$F1B8J3wRlg2i$NyGItUlJABYKI/ta/cuHklE/ndGUrJWnEDUKRCs8wEQ=", "last_login": "2020-11-01T09:50:58.682Z", "is_superuser": false, "username": "testuser", "first_name": "Test", "last_name": "", "email": "test@test.com", "is_staff": false, "is_active": true, "date_joined": "2020-10-27T15:35:48.435Z", "groups": [], "user_permissions": []}}, {"model": "contenttypes.contenttype", "pk": 1, "fields": {"app_label": "account", "model": "profile"}}, {"model": "contenttypes.contenttype", "pk": 2, "fields": {"app_label": "admin", "model": "logentry"}}, {"model": "contenttypes.contenttype", "pk": 3, "fields": {"app_label": "auth", "model": "permission"}}, {"model": "contenttypes.contenttype", "pk": 4, "fields": {"app_label": "auth", "model": "group"}}, {"model": "contenttypes.contenttype", "pk": 5, "fields": {"app_label": "auth", "model": "user"}}, {"model": "contenttypes.contenttype", "pk": 6, "fields": {"app_label": "contenttypes", "model": "contenttype"}}, {"model": "contenttypes.contenttype", "pk": 7, "fields": {"app_label": "sessions", "model": "session"}}, {"model": "contenttypes.contenttype", "pk": 8, "fields": {"app_label": "home", "model": "contact"}}, {"model": "contenttypes.contenttype", "pk": 9, "fields": {"app_label": "home", "model": "maincontent"}}, {"model": "contenttypes.contenttype", "pk": 10, "fields": {"app_label": "home", "model": "slides"}}, {"model": "contenttypes.contenttype", "pk": 11, "fields": {"app_label": "gallery", "model": "img"}}, {"model": "contenttypes.contenttype", "pk": 12, "fields": {"app_label": "social_django", "model": "association"}}, {"model": "contenttypes.contenttype", "pk": 13, "fields": {"app_label": "social_django", "model": "code"}}, {"model": "contenttypes.contenttype", "pk": 14, "fields": {"app_label": "social_django", "model": "nonce"}}, {"model": "contenttypes.contenttype", "pk": 15, "fields": {"app_label": "social_django", "model": "usersocialauth"}}, {"model": "contenttypes.contenttype", "pk": 16, "fields": {"app_label": "social_django", "model": "partial"}}, {"model": "contenttypes.contenttype", "pk": 17, "fields": {"app_label": "testaments", "model": "testament"}}, {"model": "contenttypes.contenttype", "pk": 18, "fields": {"app_label": "furnitures", "model": "category"}}, {"model": "contenttypes.contenttype", "pk": 19, "fields": {"app_label": "furnitures", "model": "product"}}, {"model": "contenttypes.contenttype", "pk": 20, "fields": {"app_label": "services", "model": "services"}}, {"model": "contenttypes.contenttype", "pk": 21, "fields": {"app_label": "bag", "model": "invoice"}}, {"model": "contenttypes.contenttype", "pk": 22, "fields": {"app_label": "bag", "model": "purchasedproduct"}}, {"model": "sessions.session", "pk": "ohte3mkjmlw5zg253vzypf59wsvych3u", "fields": {"session_data": ".eJxVjMuKg0AQRf-l1kGiVj_ichaBIbgIIsyspKq7Ojom9qB2YAj590kgm2zvOffcIJATjnHslpVWgQqaC-2vx_lqj1ymcm6-2kG333Uyf5_1ePhNsAGmE1Q3KKDK7xvoKK19lxaZu8E_AgbeNiY3yvQE_oemU8xcnNZ54OypZC-6ZHX0cv54uW-Bnpb-8ZYC0YbSokartCowiEVlvWcOaHJrDYlyakdGi-wcetwW7LTjXOcBSw_3f0OjTVo:1kaJ4s:v5hh1RDTvQG_LAr8C1ASUktoQDNH9mj8duW4fMNFWJU", "expire_date": "2020-11-18T13:43:54.081Z"}}, {"model": "sessions.session", "pk": "vekydy213ppma8ei2e7dirjcwvz2jeg1", "fields": {"session_data": ".eJxVjEEOwiAQRe_C2hChA0xduu8ZCDCDVA0kpV0Z765NutDtf-_9l_BhW4vfOi9-JnERTpx-txjSg-sO6B7qrcnU6rrMUe6KPGiXUyN-Xg_376CEXr41awDMA4IFNNZoyIxgkCjGDE4husAmmTE4yzwmIDjrmGyKyqoMA4n3B9E3N8c:1kXTWW:YIkUkupFMhL7azX1xZ7kPQcEKwqZiBynaDXWavPO1pI", "expire_date": "2020-11-10T18:16:44.886Z"}}, {"model": "home.slides", "pk": 1, "fields": {"title": "1", "image": "photo1.jpg"}}, {"model": "home.slides", "pk": 2, "fields": {"title": "2", "image": "photo2.jpg"}}, {"model": "home.slides", "pk": 3, "fields": {"title": "3", "image": "photo3.jpg"}}, {"model": "home.slides", "pk": 4, "fields": {"title": "4", "image": "photo4.jpg"}}, {"model": "home.slides", "pk": 5, "fields": {"title": "5", "image": "photo5.jpg"}}, {"model": "home.slides", "pk": 6, "fields": {"title": "6", "image": "photo7.jpg"}}, {"model": "home.maincontent", "pk": 1, "fields": {"title": "Hunt Interiors", "description": "Hunt Interiors Founded in 2005, Hunt Interiors soon became the company of choice of many discerning homeowners in London and the Southeast.\r\n\r\nOur customers rely on us for our expertise and range of specialised services.\r\n\r\nOur professional site take-over task force is also available to those dissatisfied with their existing design/build team. It's never too late to save your project.\r\n\r\nWith a network of highly skilled tradesmen (all with exceptional years of experience) we also offer interior design consultants if needed."}}, {"model": "gallery.img", "pk": 1, "fields": {"category": "Interiors", "name": "12", "description": "12", "image": "2-2.jpeg"}}, {"model": "gallery.img", "pk": 2, "fields": {"category": "Interiors", "name": "13", "description": "13", "image": "2015-03-25_09.58.43.jpg"}}, {"model": "gallery.img", "pk": 3, "fields": {"category": "Interiors", "name": "4", "description": "4", "image": "20140910_121801.jpg"}}, {"model": "gallery.img", "pk": 4, "fields": {"category": "Interiors", "name": "5", "description": "5", "image": "00000394.jpg"}}, {"model": "gallery.img", "pk": 5, "fields": {"category": "Exteriors", "name": "55", "description": "55", "image": "IMG_20180717_115342164.jpg"}}, {"model": "gallery.img", "pk": 6, "fields": {"category": "Exteriors", "name": "66", "description": "66", "image": "photo1_zkV4eNr.jpg"}}, {"model": "gallery.img", "pk": 7, "fields": {"category": "Exteriors", "name": "77", "description": "77", "image": "photo2_0iQYMMQ.jpg"}}, {"model": "gallery.img", "pk": 8, "fields": {"category": "Exteriors", "name": "88", "description": "88", "image": "photo5_44QKor3.jpg"}}, {"model": "testaments.testament", "pk": 1, "fields": {"title": "Great Services", "body": "Lorem ipsum dolor sit amet consectetur adipisicing elit. Exercitationem, dolorem earum possimus eos alias voluptatem placeat at quaerat soluta officia vitae, iste odit, in voluptatum iure reiciendis ullam. Voluptatem, nam!\r\n\r\n\r\n Lorem ipsum dolor sit amet consectetur adipisicing elit. Exercitationem, dolorem earum possimus eos alias voluptatem placeat at quaerat soluta officia vitae, iste odit, in voluptatum iure reiciendis ullam. Voluptatem, nam!", "date": "2020-10-26T19:01:48.494Z", "author": 7, "approved": false}}, {"model": "testaments.testament", "pk": 2, "fields": {"title": "lalala", "body": "I have been a client of Hunt Interiors for almost three years and have found their property management services to be of the highest standard. \r\nAs an overseas landlord with a property in London, I needed a trustworthy and efficient service provider. \r\n\r\nHunt Interiors has consistently solved a range of issues, kept my property in great condition and provided excellent customer service.", "date": "2020-10-26T19:35:55.338Z", "author": 7, "approved": true}}, {"model": "testaments.testament", "pk": 4, "fields": {"title": "Superb Services", "body": "Services provided was superb, definitely will use them again.", "date": "2020-10-27T15:38:09.218Z", "author": 8, "approved": true}}, {"model": "furnitures.category", "pk": 1, "fields": {"name": "chair"}}, {"model": "furnitures.category", "pk": 2, "fields": {"name": "table"}}, {"model": "furnitures.category", "pk": 3, "fields": {"name": "sofa"}}, {"model": "furnitures.category", "pk": 4, "fields": {"name": "bed"}}, {"model": "furnitures.product", "pk": 1, "fields": {"category": 2, "name": "Table", "sku": null, "description": "Wooden table", "price": "64.99", "image_url": null, "image": "00000381.jpg", "created_at": "2020-10-30T12:40:45.441Z"}}, {"model": "furnitures.product", "pk": 2, "fields": {"category": 1, "name": "Baron Style Chair", "sku": null, "description": "Baron Style Chair", "price": "79.00", "image_url": null, "image": "00000079.jpg", "created_at": "2020-10-30T12:40:45.441Z"}}, {"model": "furnitures.product", "pk": 3, "fields": {"category": 3, "name": "Burgundian Sofa", "sku": null, "description": "Nice sofa for everyday use", "price": "263.00", "image_url": null, "image": "00000203.jpg", "created_at": "2020-11-04T13:07:16.989Z"}}, {"model": "furnitures.product", "pk": 4, "fields": {"category": 3, "name": "Burgundian Sofa", "sku": null, "description": "Nice sofa for everyday use", "price": "263.00", "image_url": null, "image": "00000203_ml6PVuS.jpg", "created_at": "2020-11-04T13:08:40.767Z"}}, {"model": "furnitures.product", "pk": 5, "fields": {"category": 4, "name": "Kings Bed", "sku": null, "description": "king-sized bed for rich people", "price": "456.00", "image_url": null, "image": "00000915.jpg", "created_at": "2020-11-04T13:15:36.544Z"}}, {"model": "furnitures.product", "pk": 7, "fields": {"category": 2, "name": "ttt", "sku": null, "description": "ttt", "price": "333.00", "image_url": null, "image": "00000380.jpg", "created_at": "2020-11-04T13:23:16.826Z"}}, {"model": "services.services", "pk": 1, "fields": {"title": "Property Maintenance", "image": "photo3_6ERdFlp.jpg", "description": "If you own or are planning on owning a property for rental or live abroad, be sure to need a reliable (maintenance provider) We have some great plans available for landlords and clients who don't want to use an estate agent, who will only hand the job out to an under-qualified person who has no skills and just wants to rush the job and mask the problem, we are dedicated to SOLVING THE PROBLEM.\r\n\r\nAfter a site visit, we will assess the problem, the client will receive pictures of the job before we start, this will be sent to them via email or WhatsApp, you can also talk freely on the application anywhere in the world, The job will not start until the client gives the full go-ahead. Our mobile phones are on 24hrs a day 365 days of the year, our vans are fully loaded and can deal with any situation put in front of us. Plywood is always carried on board for burglaries or forced entries.\r\n\r\nWe are happy to deal with the tenant on your behalf if instructed by the landlord.\r\nOur Concept is for us to take care of the situation, where the client has no stress or problems with a company who knows what they are doing."}}, {"model": "services.services", "pk": 2, "fields": {"title": "Kitchens", "image": "photo1_9YWc5id.jpg", "description": "We have installed many brands of kitchens: MFI, Yonaka, Wicks, B&Q, Magnet, Ikea, DIY Kitchens, Howdens (but to name but a few).\r\n\r\nWe can design and plan your kitchen, we will send a surveyor over who will go through everything in fine detail after this has been done you will receive a kitchen floor plan, which our installation team can work from.\r\n\r\nOur kitchen installations are guaranteed.\r\nWe will remove your old kitchen and dispose of it free of charge."}}, {"model": "services.services", "pk": 3, "fields": {"title": "Exterior Design", "image": "photo5_lvGD5je.jpg", "description": "Despite the name, we also do exterior works, from simple fencing and decking to a complete garden makeover.\r\n\r\nFrom traditional cottage garden to ultra-modern, an outdoor space can easily be transformed into the most fantastic room in the house. Somewhere you can relax, entertain, cook and interact with nature. \r\n\r\nWe also offer a range of exterior building services, such as shop fronts, cladding and balcony renovation."}}, {"model": "bag.purchasedproduct", "pk": 1, "fields": {"product": 1, "quantity": 1}}, {"model": "bag.purchasedproduct", "pk": 2, "fields": {"product": 1, "quantity": 1}}, {"model": "bag.purchasedproduct", "pk": 3, "fields": {"product": 2, "quantity": 1}}, {"model": "bag.invoice", "pk": "1", "fields": {"user": null, "created_at": "2020-11-03T15:05:49.077Z", "shipping_cost": "6.50", "checkout_session_id": "cs_test_v5KF0hTDQPPvtwa5LnUDSJ4ldiwOBKXfiMYOprOMaM9C0RZ8FbKTBqZq", "products": [1]}}, {"model": "bag.invoice", "pk": "482S9GVMn2Ke4mumaqLcH2", "fields": {"user": 7, "created_at": "2020-11-04T11:43:12.859Z", "shipping_cost": "7.90", "checkout_session_id": "cs_test_7oWu4YalTfaG4bmIKFq7chGI58bue57Ha3eFo6kjqnv9gyNdAwdid5UC", "products": [3]}}, {"model": "bag.invoice", "pk": "HZFZyGeRPXvToirKLYf7WG", "fields": {"user": 7, "created_at": "2020-11-04T11:27:20.638Z", "shipping_cost": "6.50", "checkout_session_id": "cs_test_sz7ZYrR82Iy1Fs7Hvn2V4nrhEwoLtpo4iDFWjcBxfxcfSpOZfKHOBliY", "products": [2]}}]